狀態,名稱,進度,速度,網址
已下載,SSIS-656 隔壁的垃圾屋住戶以前是位欺負我而裁員的墮落教師經過10年的報復進犯重擊欺負 星宮一花,100%,905 KB/s,https://jable.tv/videos/ssis-656/
已下載,PPPE-070 被痴女關在垃圾屋48發中出逆欺負持續被欺負的3天 辻井穗乃果 桃瀨胡桃,100%,828 KB/s,https://jable.tv/videos/pppe-070/
已下載,MKON-060 愛乾淨的女友被帶到惡臭的垃圾屋被中年大叔中出 久留木玲,100%,845 KB/s,https://jable.tv/videos/mkon-060/
已下載,MIDV-046 直到早晨都被巨漢肉棒留種PLAY 投訴隔壁的垃圾屋被監禁的奢華人妻 藍芽美月,100%,823 KB/s,https://jable.tv/videos/midv-046/
已下載,SSIS-574 充滿汗液和精液味道的垃圾屋 和中年大叔的密著體液蒸發交尾 七森莉莉,100%,883 KB/s,https://jable.tv/videos/ssis-574/
已下載,CAWD-229 隔壁垃圾屋的異臭中年大叔 不拔出的連擊中出48發致孕 制服女的末路 琴石夢流,100%,754 KB/s,https://jable.tv/videos/cawd-229/
已下載,EBOD-895 膚白J CUP制服少女 垃圾屋軟禁 被中年大叔玩弄乳頭 中出20發 水原美園,100%,783 KB/s,https://jable.tv/videos/ebod-895/
已下載,HMN-672 いいなり就活生 企業の採用担当の僕の元に呼べばすぐ来る女子大生を同学年の彼氏とはしない中出しで寝取ってやった 虹村由美,100%,861 KB/s,https://jable.tv/videos/hmn-672/
已下載,NACT-104 僕の妻は隣人のセフレ 小野坂唯香,100%,835 KB/s,https://jable.tv/videos/nact-104/
已下載,IPZZ-830 死ぬほど大嫌いな上司と出張先の温泉旅館でまさかの相部屋に醜い絶倫おやじに何度も何度もイカされてしまった私 愛才莉亞,100%,761 KB/s,https://jable.tv/videos/ipzz-830/
已下載,DLDSS-481 不良生徒から優等生を守るため人妻女師 放課後肉便器 美乃雀 美之嶋惠理,100%,1.1 MB/s,https://jable.tv/videos/dldss-481/
已下載,YST-349 下品だとか上品だとか関係なくエグイくらい櫻木さんを弄びたい 櫻木湊,100%,969 KB/s,https://jable.tv/videos/yst-349/
已下載,MIDA-581 用讓人心跳加速的甜膩淫話把你洗腦成喜歡我的小惡魔角色扮演女孩 發情線下約炮中出大亂交派對 松本一香,100%,4.1 MB/s,https://jable.tv/videos/mida-581/
已下載,NSFS-468 他人に晒してみたい 自慢の露出妻 廣瀨美結,100%,987 KB/s,https://jable.tv/videos/nsfs-468/
已下載,JUR-700 背徳の寝取らせシアタールーム 低俗男たちの醜い肉棒で汚された貞淑妻ー 藤環奈,100%,1.1 MB/s,https://jable.tv/videos/jur-700/
已下載,SNOS-174 小心被糾纏 美巨乳妹子喝到微醺化身甜美癡女幫素人男子自慰搭訕被搭訕即刻開房即刻射精爆射10發的續攤酒局 三田真鈴,100%,1.1 MB/s,https://jable.tv/videos/snos-174/
已下載,SNOS-033 未歩なな引退作 ガチファン感謝祭私と勝負して勝ったらヤらせてあげる引退だから本気でファンと向き合った泥と涙と体液まみれのSEX運動会 未步奈奈,100%,1.3 MB/s,https://jable.tv/videos/snos-033/
已下載,WAAA-444 妃ひかりの凄テクを我慢できれば生中出しSEX 妃光莉,100%,1.7 MB/s,https://jable.tv/videos/waaa-444/
已下載,JUR-611 新人 七瀬川遥 30歳 AV DEBUT 束縛が激しい夫との旅行中早朝深夜ホテルを抜け出し初不倫ー 七瀨川遥,100%,1.1 MB/s,https://jable.tv/videos/jur-611/
已下載,MIRD-273 豐滿爆乳媽媽排球后宮 超巨乳壓迫肉感包圍狂吞年輕雞雞榨取中出精液的極度欲求不滿豐滿熟女們 本真友里 塚田詩織 七草千歲 藤澤麗央,100%,977 KB/s,https://jable.tv/videos/mird-273/
已下載,MIMK-269 自由にセックスできる女子陸上部 実写版 地域との交流を重んじる九咲創女子学園は近隣住民の出入り自由でいつでもヤリ放題 宍戶里帆 九井珠奈緒,100%,981 KB/s,https://jable.tv/videos/mimk-269/
已下載,FJIN-101 息子ほど年の離れたバイト先の男子学生達と一泊二日の温泉旅行に来た元ギャルパート主婦は日焼け跡残る巨乳姿で俺たちみんな44歳パート主婦れなさんのガチ恋勢 吹石玲奈,100%,1.0 MB/s,https://jable.tv/videos/fjin-101/
已下載,CLUB-886 巨乳辣妹被偷拍昏迷強 黑咲華,100%,985 KB/s,https://jable.tv/videos/club-886/
已下載,SNOS-018 無論何時何地興奮處理性慾業界首度出現服務型吸吮巨乳護士姐姐 笹倉彩,100%,1018 KB/s,https://jable.tv/videos/snos-018/
已下載,FPRE-208 甜蜜抖S巨乳黑辣妹纏著不放痴女誘惑想射幾次都沒在管極品中出泡泡浴 七海那美,100%,1002 KB/s,https://jable.tv/videos/fpre-208/
已下載,DASS-918 レズタビレズ解禁するなら仲良しギャルでしたい恥じらいながらも本音で絡み合う友情は愛に変わるのか 百永紗里奈 黑咲華,100%,1.1 MB/s,https://jable.tv/videos/dass-918/
已下載,XVSR-664 浜崎真緒10周年記念作品Vol.2 ReSTART 濱崎真緒,100%,1005 KB/s,https://jable.tv/videos/xvsr-664/
已下載,START-019 工作結束的同房NTR 因為下大雪回不了家的女主播 被中年導演的兇狠大肉棒 徹底的玩弄並開發 渚戀生,100%,1016 KB/s,https://jable.tv/videos/start-019/
已下載,START-020 彩月七緒的極上身軀盡情享受1日 A day with Nao... 彩月七緒,100%,1.7 MB/s,https://jable.tv/videos/start-020/
已下載,START-014V 突然弟が数年ぶりに帰省した実家暮らしの私は三十路なのに未だ家事手伝いニートで恥ずかしかった アラサー喪女ニート 隠れエロ尻の姉30 紗倉まな AV debut 12周年記念 特典映像付き 紗倉真菜,100%,1.4 MB/s,https://jable.tv/videos/start-014v/
已下載,START-024 話題の新人エロ漫画家はまさかの清楚系美女良い作品のためとお願いされやむなくチ〇ポのデッサンに付き合ったら要求がどんどんエスカレートし中出しセックスを懇願してくるほど大胆スケベ化させてしまった 天宮花南,100%,1.4 MB/s,https://jable.tv/videos/start-024/
已下載,START-008 在家跟社團朋友們一起喝酒 結果被下藥之後集團進犯 淫蕩無防備的身體 隨便被中出了 小倉由菜,100%,1.6 MB/s,https://jable.tv/videos/start-008/
已下載,START-006 被對阿宅溫柔的辣妹神木麗注意到了...從強迫破處那天起被她用笑容和邪惡的小惡魔玩弄 我的肉棒和心靈都被掌握住了 神木麗,100%,1.7 MB/s,https://jable.tv/videos/start-006/
已下載,START-032 揺れすぎ注意Iカップ爆乳が激揺れ終わらないガン突き絶頂FUCK 春野夕子,100%,2.5 MB/s,https://jable.tv/videos/start-032/
已下載,ROE-485 殉愛調教スイートルーム 息子の為肉体を捧げゆく母 吉永塔子,100%,3.1 MB/s,https://jable.tv/videos/roe-485/
已下載,GVH-833 我們被變態粉絲灌了春藥變成雙面可用的高潮臉姐妹自慰器了 巴煇 若月萌亞,100%,3.6 MB/s,https://jable.tv/videos/gvh-833/
已下載,MIMK-273 社群網路上成為話題系列累計賣破13萬部 只要1個月內沒懷孕就能變回男人的故事 真人版女體化的我故意走光內褲和美巨乳挑逗 逢澤美優,100%,1.3 MB/s,https://jable.tv/videos/mimk-273/
已下載,CAWD-968 沉溺在精液中高潮連連到壞掉這樣的我好嗎 最頂級可愛的動心女孩的大量顏射高潮覺醒 淺海奈美,100%,3.8 MB/s,https://jable.tv/videos/cawd-968/
已下載,SAME-222 串刺輪 NTR同期入職的女友在出差旅館被輪流打砲的故事 神木彩,100%,3.5 MB/s,https://jable.tv/videos/same-222/
已下載,SNOS-134 湯気に仕込まれた媚薬サウナ 異常感度でととのうどころかグッチャグチャにイキ狂った汗だくの健康巨乳ボディちゃん 安達夕莉,100%,3.4 MB/s,https://jable.tv/videos/snos-134/
已下載,SNOS-161 致力於貧困問題的義工女大學生在支援地點也體驗了被輪流侵犯 白上咲花,100%,4.1 MB/s,https://jable.tv/videos/snos-161/
已下載,MIDA-573 完全無劇本把禁欲一個月的輝星綺羅反覆吊胃口直到極限為止感度提升後的怪物大亂交 輝星綺羅,100%,1.6 MB/s,https://jable.tv/videos/mida-573/
已下載,MKMP-718 全世界70万DL突破爆乳看守じわ堕ち監獄RPG 実写版KARRYNS PRISON 乙愛麗絲,100%,4.0 MB/s,https://jable.tv/videos/mkmp-718/
已下載,APNS-406 妊娠させてください 托卵NTR同窓会 種無し旦那に耐えかねて 九井珠奈緒,100%,1.8 MB/s,https://jable.tv/videos/apns-406/
已下載,RBK-127 東京デカダンス リビドーの氾濫 ようこそ狂気と倒錯の渦巻くサドマゾの世界へ 月野江翠 二代目亂田舞,100%,1.6 MB/s,https://jable.tv/videos/rbk-127/
已下載,ROE-451 人妻を拘束椅子に放置して2時間唾液だらだらのイグイグ変態女に育った話 相河沙季,100%,1.7 MB/s,https://jable.tv/videos/roe-451/
已下載,MISM-422 心の殻をぶっ壊す喉奥進化鍛錬 痙攣イラマ白目アクメで10年越しのマゾ願望解放ドキュメント 碧波滴,100%,2.1 MB/s,https://jable.tv/videos/mism-422/
已下載,RKI-742 電車で毎日見かけるカワイイあの子を粘着ストーキング電車痴睡眠自宅襲撃の鬼畜オンパレード 櫻庭桃菜,100%,1.6 MB/s,https://jable.tv/videos/rki-742/
已下載,JUR-718 美顔美巨乳息を呑む緊迫感 近寄りがたいイイオンナ元レースクイーンの人妻 星谷うた AV debut 星谷詩,100%,1.5 MB/s,https://jable.tv/videos/jur-718/
已下載,MOGI-155 父親公認 実家で初撮り元テレビマンの父と二人三脚AV出演 おじ好き オナニー週5 イラマも応じるピュアっ娘 竹内咲奈 18歳,100%,1.6 MB/s,https://jable.tv/videos/mogi-155/
已下載,JUR-062 ダイヤモンド新人 三浦奈々 32歳 AV DEBUT 100カラットの美顔美しく淫らに輝く 三浦奈奈,100%,1.4 MB/s,https://jable.tv/videos/jur-062/
